"Authors","Author full names","Author(s) ID","Title","Year","Source title","Volume","Issue","Art. No.","Page start","Page end","Page count","Cited by","DOI","Link","Document Type","Publication Stage","Open Access","Source","EID"
"Yang Z.-Y.; Quan H.; Peng Z.-L.; Zhong Y.; Tan Z.-J.; Gong Q.-Y.","Yang, Zhi-Yong (55605770586); Quan, Hong (14048966300); Peng, Zu-Lai (56803063700); Zhong, Yang (56803074300); Tan, Zhi-Jie (7201599849); Gong, Qi-Yong (55817409800)","55605770586; 14048966300; 56803063700; 56803074300; 7201599849; 55817409800","Proton magnetic resonance spectroscopy revealed differences in the glutamate + glutamine/creatine ratio of the anterior cingulate cortex between healthy and pediatric post-traumatic stress disorder patients diagnosed after 2008 Wenchuan earthquake","2015","Psychiatry and Clinical Neurosciences","69","12","","782","790","8","31","10.1111/pcn.12332","https://www.scopus.com/inward/record.uri?eid=2-s2.0-84940206701&doi=10.1111%2fpcn.12332&partnerID=40&md5=dc1351dc1f9083afe7c792a75d83ebd2","Article","Final","All Open Access; Bronze Open Access","Scopus","2-s2.0-84940206701"
"Sheridan R.L.; Stoddard F.J.; Kazis L.E.; Lee A.; Li N.-C.; Kagan R.J.; Palmieri T.L.; Meyer W.J.; Nicolai M.; Stubbs T.K.; Chan G.; Hinson M.I.; Herndon D.N.; Tompkins R.G.","Sheridan, Robert L. (35354633900); Stoddard, Frederick J. (35481851400); Kazis, Lewis E. (7006966437); Lee, Austin (8068412200); Li, Nien-Chen (20436341300); Kagan, Richard J. (35406310300); Palmieri, Tina L. (7003283678); Meyer, Walter J. (55444517900); Nicolai, Marc (57213079902); Stubbs, Teresa K. (8128098700); Chan, Grace (52163217300); Hinson, Michelle I. (6603870458); Herndon, David N. (35355630500); Tompkins, Ronald G. (7101805272)","35354633900; 35481851400; 7006966437; 8068412200; 20436341300; 35406310300; 7003283678; 55444517900; 57213079902; 8128098700; 52163217300; 6603870458; 35355630500; 7101805272","Long-term posttraumatic stress symptoms vary inversely with early opiate dosing in children recovering from serious burns: Effects durable at 4 years","2014","Journal of Trauma and Acute Care Surgery","76","3","","828","832","4","45","10.1097/TA.0b013e3182ab111c","https://www.scopus.com/inward/record.uri?eid=2-s2.0-84896714579&doi=10.1097%2fTA.0b013e3182ab111c&partnerID=40&md5=ebb7c50f08f1658d70a5fd017b3609fe","Article","Final","","Scopus","2-s2.0-84896714579"
"Cadichon J.M.; Derivois D.","Cadichon, Jeff Matherson (57196390784); Derivois, Daniel (24485574000)","57196390784; 24485574000","Post-traumatic narratives in the 2010 post-earthquake context in Haiti; [Récits post-traumatiques dans le contexte post-séisme 2010 en Haïti]","2019","Annales Medico-Psychologiques","177","8","","769","773","4","2","10.1016/j.amp.2018.07.013","https://www.scopus.com/inward/record.uri?eid=2-s2.0-85060454462&doi=10.1016%2fj.amp.2018.07.013&partnerID=40&md5=835a90965039b4b16dd464e5e5ed869b","Article","Final","","Scopus","2-s2.0-85060454462"
"Swetaa A.; Gayathri R.; Vishnu Priya V.","Swetaa, A. (57203300025); Gayathri, R. (57189326550); Vishnu Priya, V. (35730545100)","57203300025; 57189326550; 35730545100","Awareness of mental health among teenagers","2019","Drug Invention Today","11","8","","1979","1982","3","6","","https://www.scopus.com/inward/record.uri?eid=2-s2.0-85071452536&partnerID=40&md5=2fcd75ffb14b6691955e58d19c1a934d","Article","Final","","Scopus","2-s2.0-85071452536"
"Habigzang L.F.; Stroeher F.H.; Hatzenberger R.; Cunha R.C.; da Silva Ramos M.; Koller S.H.","Habigzang, Luísa Fernanda (16307052200); Stroeher, Fernanda Helena (24741340300); Hatzenberger, Roberta (24741173000); Cunha, Rafaela Cassol (35603056500); da Silva Ramos, Michele (35728426800); Koller, Sílvia Helena (7004488074)","16307052200; 24741340300; 24741173000; 35603056500; 35728426800; 7004488074","Cognitive behavioral group therapy for sexually abused girls; [Terapia de grupo congnitivo-comportamental para niñas y adolescentes víctimas de abuso sexual]","2009","Revista de Saude Publica","43","SUPPL. 1","","70","78","8","30","10.1590/S0034-89102009000800011","https://www.scopus.com/inward/record.uri?eid=2-s2.0-77449151738&doi=10.1590%2fS0034-89102009000800011&partnerID=40&md5=08ab1a17401801489b6a6a8f6f3dd9b3","Article","Final","All Open Access; Gold Open Access; Green Open Access","Scopus","2-s2.0-77449151738"
"Marichez H.; De Coignac A.B.; Taïeb O.; Moro M.R.; Baubet T.","Marichez, Héloïse (36451838500); De Coignac, Agathe Benoit (57213008825); Taïeb, Olivier (55407080500); Moro, Marie Rose (15743125800); Baubet, Thierry (55897251500)","36451838500; 57213008825; 55407080500; 15743125800; 55897251500","Does trauma help teenagers to ""grow up""?; [Les traumatismes fontils ""grandir"" les adolescents?]","2011","Soins Pediatrie/Puericulture","32","258","","29","32","3","1","","https://www.scopus.com/inward/record.uri?eid=2-s2.0-79952790315&partnerID=40&md5=ea08f0c1e381128c1e01140227e2259b","Article","Final","","Scopus","2-s2.0-79952790315"
"Streeck-Fischer A.","Streeck-Fischer, Annette (7004170663)","7004170663","Borderland and borderline: Understanding and treating adolescent migrants in crisis","2019","Adolescent Psychiatry","9","3","","185","193","8","4","10.2174/2210676609666190415144153","https://www.scopus.com/inward/record.uri?eid=2-s2.0-85085533434&doi=10.2174%2f2210676609666190415144153&partnerID=40&md5=071c5f96d9019194868cc6345ab2c4dd","Article","Final","All Open Access; Hybrid Gold Open Access","Scopus","2-s2.0-85085533434"
"Broms C.","Broms, Charlotte (6505851738)","6505851738","The tsunami – 26 December 2004 – experiences from one place of recovery, Stockholm, Sweden","2012","Primary Health Care Research and Development","13","4","","308","317","9","2","10.1017/S1463423611000521","https://www.scopus.com/inward/record.uri?eid=2-s2.0-84875811653&doi=10.1017%2fS1463423611000521&partnerID=40&md5=f4ff47c12bf23ccb07a1beb337e32d00","Article","Final","All Open Access; Bronze Open Access","Scopus","2-s2.0-84875811653"
"Rosenfeld B.; Delvenne V.","Rosenfeld, B. (57213730922); Delvenne, V. (6602192011)","57213730922; 6602192011","Depression in adolescents and multiculturality: A multifactorial analysis of psychological suffering inside a family in crisis; [Dépression chez l’adolescent et multiculturalité: Analyse multifactorielle de la souffrance psychique au sein d’une famille en crise]","2018","Revue Medicale de Bruxelles","39","1","","41","46","5","0","10.30637/2018.17-053","https://www.scopus.com/inward/record.uri?eid=2-s2.0-85045314851&doi=10.30637%2f2018.17-053&partnerID=40&md5=c8391aba07f638fbd63f3b3277064715","Editorial","Final","All Open Access; Bronze Open Access","Scopus","2-s2.0-85045314851"
"Ernoul A.; Orsat M.; Dubois de Prisque G.","Ernoul, Adrien (55207378800); Orsat, Manuel (23991159800); Dubois de Prisque, Gilles (55978916000)","55207378800; 23991159800; 55978916000","Sexual assaults and self-cuttings in adolescence; [Agressions sexuelles et scarifications à l'adolescence]","2016","Annales Medico-Psychologiques","174","6","","442","447","5","2","10.1016/j.amp.2015.04.016","https://www.scopus.com/inward/record.uri?eid=2-s2.0-84940705445&doi=10.1016%2fj.amp.2015.04.016&partnerID=40&md5=99c8a5e35e9a21078ce21d320c117c34","Article","Final","","Scopus","2-s2.0-84940705445"
"Josephs L.","Josephs, Laura (16746872400)","16746872400","Women and trauma: A contemporary psychodynamic approach to traumatization for patients in the OB/GYN psychological consultation clinic","1996","Bulletin of the Menninger Clinic","60","1","","22","38","16","12","","https://www.scopus.com/inward/record.uri?eid=2-s2.0-0029922947&partnerID=40&md5=fe700c0dce8922ca129af88ef76c7681","Review","Final","","Scopus","2-s2.0-0029922947"
"Uchiyama M.; Suzuki M.; Konno C.; Furihata R.; Osaki K.; Konno M.; Takahashi S.","Uchiyama, Makoto (7401753162); Suzuki, Masahiro (57203743975); Konno, Chisato (37000779300); Furihata, Ryuji (36537125000); Osaki, Koichi (37000743100); Konno, Michiko (26538752800); Takahashi, Sakae (7407712682)","7401753162; 57203743975; 37000779300; 36537125000; 37000743100; 26538752800; 7407712682","[Management of insomnia and hypersomnia associated with psychiatric disorders].","2010","Seishin shinkeigaku zasshi = Psychiatria et neurologia Japonica","112","9","","899","905","6","1","","https://www.scopus.com/inward/record.uri?eid=2-s2.0-79952109769&partnerID=40&md5=fa2d4a18eb77955bcab0b030e8e75bb8","Review","Final","","Scopus","2-s2.0-79952109769"
"Roy H.; Gillett T.","Roy, Hermione (23470480100); Gillett, Tim (6603236175)","23470480100; 6603236175","E-mail: A new technique for forming a therapeutic alliance with high-risk young people failing to engage with mental health services? A case study","2008","Clinical Child Psychology and Psychiatry","13","1","","95","103","8","22","10.1177/1359104507086344","https://www.scopus.com/inward/record.uri?eid=2-s2.0-38349194568&doi=10.1177%2f1359104507086344&partnerID=40&md5=c4971477b9d24ac0c8fd6639986f4db7","Article","Final","","Scopus","2-s2.0-38349194568"
"Sadowski C.M.; Friedrich W.N.","Sadowski, Christine M. (7007166156); Friedrich, William N. (7102428044)","7007166156; 7102428044","Psychometric properties of the trauma symptom checklist for children (TSCC) with psychiatrically hospitalized adolescents","2000","Child Maltreatment","5","4","","364","372","8","90","10.1177/1077559500005004008","https://www.scopus.com/inward/record.uri?eid=2-s2.0-0034328864&doi=10.1177%2f1077559500005004008&partnerID=40&md5=9b9427752863cf2378ef4cf13d1e87c7","Article","Final","","Scopus","2-s2.0-0034328864"
"Taib F.; Van Rostenberghe H.; Othman A.","Taib, Fahisham (55321240200); Van Rostenberghe, Hans (6507082243); Othman, Azizah (7006811900)","55321240200; 6507082243; 7006811900","“sorry You Are Not Fit to be a Doctor”: Do We Need to penalise unwell Medical Trainees?","2020","Education in Medicine Journal","12","1","","65","69","4","2","10.21315/eimj2020.12.1.7","https://www.scopus.com/inward/record.uri?eid=2-s2.0-85106858977&doi=10.21315%2feimj2020.12.1.7&partnerID=40&md5=656de6c12f1d7f6e045b2e12dcfe56eb","Article","Final","All Open Access; Bronze Open Access","Scopus","2-s2.0-85106858977"
"Dera N.; Gruszczyński W.","Dera, Norbert (55210901800); Gruszczyński, Wojciech (7004149218)","55210901800; 7004149218","Medical problems of aggression and violence in children in family; [Problemy medyczne agresji i przemocy w rodzinie u dzieci]","2011","Pediatria i Medycyna Rodzinna","7","3","","265","270","5","0","","https://www.scopus.com/inward/record.uri?eid=2-s2.0-84860703251&partnerID=40&md5=891828992591f8739cf8bb30b778dd25","Review","Final","","Scopus","2-s2.0-84860703251"
"Pouliot E.; Maltais D.; Lansard A.-L.; Fortin G.; Dubois P.; Petit G.","Pouliot, E. (26658726900); Maltais, D. (6701732941); Lansard, A.-L. (57210171379); Fortin, G. (57210170190); Dubois, P. (57225990173); Petit, G. (57525676800)","26658726900; 6701732941; 57210171379; 57210170190; 57225990173; 57525676800","Psychosocial consequences of exposure to a technological disaster in adolescence: The example of the Lac-Mégantic railway tragedy; [Conséquences psychosociales de l'exposition à une catastrophe technologique à l'adolescence: l'exemple de la tragédie ferroviaire de Lac-Mégantic]","2021","Neuropsychiatrie de l'Enfance et de l'Adolescence","69","7","","335","342","7","0","10.1016/j.neurenf.2021.05.007","https://www.scopus.com/inward/record.uri?eid=2-s2.0-85110091870&doi=10.1016%2fj.neurenf.2021.05.007&partnerID=40&md5=b0a393d34e362beaefddfa19e509507e","Article","Final","All Open Access; Green Open Access","Scopus","2-s2.0-85110091870"
"Monpierre O.; Baudino P.; Rio-René P.; Maurice S.; Malvy D.; Receveur M.-C.","Monpierre, O. (57105630700); Baudino, P. (57105696900); Rio-René, P. (57105843100); Maurice, S. (57104840200); Malvy, D. (16138420100); Receveur, M.-C. (7003340693)","57105630700; 57105696900; 57105843100; 57104840200; 16138420100; 7003340693","Global health of unaccompanied refugee minors in Gironde (France) between 2011 and 2013; [État de santé des mineurs isolés étrangers accueillis en Gironde entre 2011 et 2013]","2016","Bulletin de la Societe de Pathologie Exotique","109","2","","99","106","7","10","10.1007/s13149-016-0476-3","https://www.scopus.com/inward/record.uri?eid=2-s2.0-84957609131&doi=10.1007%2fs13149-016-0476-3&partnerID=40&md5=b3748bcb65fcfeffab894d6068811b3a","Article","Final","","Scopus","2-s2.0-84957609131"
"Balluerka N.; Muela A.; Amiano N.; Caldentey M.A.","Balluerka, Nekane (6603205099); Muela, Alexander (43461780600); Amiano, Nora (56151068500); Caldentey, Miguel A. (56151100000)","6603205099; 43461780600; 56151068500; 56151100000","Promoting psychosocial adaptation of youths in residential care through animal-assisted psychotherapy","2015","Child Abuse and Neglect","50","","","193","205","12","19","10.1016/j.chiabu.2015.09.004","https://www.scopus.com/inward/record.uri?eid=2-s2.0-84952873405&doi=10.1016%2fj.chiabu.2015.09.004&partnerID=40&md5=f9f0e34915b12284f1a7a53ae79f1fe8","Article","Final","","Scopus","2-s2.0-84952873405"
"Christoffersen M.N.; Møhl B.; DePanfilis D.; Vammen K.S.","Christoffersen, Mogens Nygaard (7003400084); Møhl, Bo (13409744600); DePanfilis, Diane (6603247255); Vammen, Katrine Schjødt (57023884800)","7003400084; 13409744600; 6603247255; 57023884800","Non-Suicidal Self-Injury-Does social support make a difference? An epidemiological investigation of a Danish national sample","2015","Child Abuse and Neglect","44","","","106","116","10","41","10.1016/j.chiabu.2014.10.023","https://www.scopus.com/inward/record.uri?eid=2-s2.0-84952059125&doi=10.1016%2fj.chiabu.2014.10.023&partnerID=40&md5=a479f5fb6828b351f9c2cd61f8c8f124","Article","Final","","Scopus","2-s2.0-84952059125"
"Пятакова ГВ.; Лебедева ЕИ.; Потявина ВВ.; Церфус ДН.","Пятакова, Галина В (57193279339); Лебедева, Екатерина И (57194757559); Потявина, Валерия В (57194757178); Церфус, Диана Н (57209687792)","57193279339; 57194757559; 57194757178; 57209687792","Age specific and individual psychological factors of post--traumatic stress (PTS) development of children with after-effects of physical damages indicating medical rehabilitation","2016","Wiadomosci lekarskie (Warsaw, Poland : 1960)","69","6","","750","757","7","1","","https://www.scopus.com/inward/record.uri?eid=2-s2.0-85021860217&partnerID=40&md5=a74f729f2bc9a40bb828488e1456ea88","Article","Final","","Scopus","2-s2.0-85021860217"
"Jahan T.","Jahan, Thanveer (55516116900)","55516116900","An Impact of COVID-19 a Well-Being Perspective for a New World","2023","Lecture Notes in Networks and Systems","478","","","245","251","6","0","10.1007/978-981-19-2940-3_17","https://www.scopus.com/inward/record.uri?eid=2-s2.0-85139174701&doi=10.1007%2f978-981-19-2940-3_17&partnerID=40&md5=4de81191d1aaf330090494f3bd0cb88f","Book chapter","Final","","Scopus","2-s2.0-85139174701"
"Lebigot F.","Lebigot, François (6603785603)","6603785603","«Except for the war's laws». Psychic trauma in soldiers murderers; [«Hors les lois de la guerre». À propos du traumatisme psychique chez quatre soldats auteurs de meurtres en situation opérationnelle]","2014","Annales Medico-Psychologiques","172","6","","463","467","4","3","10.1016/j.amp.2012.10.012","https://www.scopus.com/inward/record.uri?eid=2-s2.0-84905915095&doi=10.1016%2fj.amp.2012.10.012&partnerID=40&md5=489956f30e79da1c0788966057861887","Article","Final","","Scopus","2-s2.0-84905915095"
"Coulon N.; Grenon M.; Consigny M.; Simson J.-P.","Coulon, Nathalie (6602801110); Grenon, Marion (57212061590); Consigny, Maëlys (57212063064); Simson, J.-P. (57117549700)","6602801110; 57212061590; 57212063064; 57117549700","PTSD in French Adolescent Victims Following the London Attack in March 2017: Data From the First Step of the AVAL Study","2022","Frontiers in Psychiatry","13","","728133","","","","0","10.3389/fpsyt.2022.728133","https://www.scopus.com/inward/record.uri?eid=2-s2.0-85126201854&doi=10.3389%2ffpsyt.2022.728133&partnerID=40&md5=6331a8ce861cd7e9e55abee728ce9aee","Article","Final","All Open Access; Gold Open Access; Green Open Access","Scopus","2-s2.0-85126201854"
"Goldin S.; Hägglöf B.; Levin L.; Persson L.Å.","Goldin, Stephen (7003817168); Hägglöf, Bruno (57204151516); Levin, Lilian (7202247086); Persson, Lars Åke (7202840767)","7003817168; 57204151516; 7202247086; 7202840767","Mental health of Bosnian refugee children: A comparison of clinician appraisal with parent, child and teacher reports","2008","Nordic Journal of Psychiatry","62","3","","204","216","12","26","10.1080/08039480801983604","https://www.scopus.com/inward/record.uri?eid=2-s2.0-47949105619&doi=10.1080%2f08039480801983604&partnerID=40&md5=f0bf9d2d8337eb432a7a83eefbc517a2","Article","Final","","Scopus","2-s2.0-47949105619"
"Ronai E.","Ronai, Ernestine (56412918500)","56412918500","Mechanisms of domestic violence and the impact on children and teenagers; [Mécanismes de la violence conjugale et impacts sur les enfants et les adolescents]","2016","Soins Pediatrie/Puericulture","37","293","","15","18","3","0","10.1016/j.spp.2016.09.006","https://www.scopus.com/inward/record.uri?eid=2-s2.0-84994745683&doi=10.1016%2fj.spp.2016.09.006&partnerID=40&md5=c27a8ea6b21c3d099cf39fcee9a0aa1c","Article","Final","","Scopus","2-s2.0-84994745683"
"Kort J.","Kort, Joe (16637323700)","16637323700","Covert cultural sexual abuse of gay male teenagers contributing to etiology of sexual addiction","2004","Sexual Addiction and Compulsivity","11","4","","287","300","13","9","10.1080/10720160490900632","https://www.scopus.com/inward/record.uri?eid=2-s2.0-12344322865&doi=10.1080%2f10720160490900632&partnerID=40&md5=770ef9084678e56657d5e7ff818398a4","Article","Final","","Scopus","2-s2.0-12344322865"
"Thoua V.; François A.","Thoua, V. (36167473200); François, A. (16052400900)","36167473200; 16052400900","The post-traumatic stress disorder - PTSD - In psychiatry by children and teenagers: Diagnostic and treatments; [L'état de stress post-traumatique en pédopsychiatrie: Diagnostic clinique et abords thérapeutiques]","2010","Revue Medicale de Bruxelles","31","2","","111","115","4","1","","https://www.scopus.com/inward/record.uri?eid=2-s2.0-77954510979&partnerID=40&md5=43eed4699d199e7676e4fb6811167348","Review","Final","","Scopus","2-s2.0-77954510979"
"Herzig L.","Herzig, Lilli (56588776900)","56588776900","The post-traumatic stress syndrome and the debriefing with teenagers; [Syndrome de stress post-traumatique et debriefing chez l'adolescent]","1998","Medecine et Hygiene","56","2235-2236","","2418","2421","3","0","","https://www.scopus.com/inward/record.uri?eid=2-s2.0-0042203981&partnerID=40&md5=91fb70f002a7eb1831d55f753505124c","Article","Final","","Scopus","2-s2.0-0042203981"
"Daigneault I.; Hébert M.; Tourigny M.","Daigneault, Isabelle (12142297800); Hébert, Martine (7102121828); Tourigny, Marc (6603595682)","12142297800; 7102121828; 6603595682","Attributions and coping in sexually abused adolescents referred for group treatment","2006","Journal of Child Sexual Abuse","15","3","","35","59","24","38","10.1300/J070v15n03_03","https://www.scopus.com/inward/record.uri?eid=2-s2.0-33746927914&doi=10.1300%2fJ070v15n03_03&partnerID=40&md5=2a3a81454c41cdc93a12606e38b4356b","Article","Final","","Scopus","2-s2.0-33746927914"
"Penn A.; Kuperberg A.; Zebrack B.J.","Penn, Anthony (24332566500); Kuperberg, Aura (14024396600); Zebrack, Brad J. (6701479716)","24332566500; 14024396600; 6701479716","Psychosocial Issues in Adolescent and Young Adult Patients and Survivors","2017","Pediatric Oncology","","9783319336770","","583","602","19","9","10.1007/978-3-319-33679-4_23","https://www.scopus.com/inward/record.uri?eid=2-s2.0-85029228547&doi=10.1007%2f978-3-319-33679-4_23&partnerID=40&md5=80dd2447944a1184f4de5b835d13d3fc","Book chapter","Final","","Scopus","2-s2.0-85029228547"
"Christensen A.M.; Lindskov T.","Christensen, A.M. (57197528244); Lindskov, T. (6505784436)","57197528244; 6505784436","When time stops...Psychiatric reactions to deportation orders of unaccompanied children and teenagers seeking asylum; [Når tiden holder op ... Psykiatriske reaktioner på afslag om asyl hos uledsagede børn og unge.]","2000","Ugeskrift for Laeger","162","16","","2338","2339","1","3","","https://www.scopus.com/inward/record.uri?eid=2-s2.0-0034678208&partnerID=40&md5=8201f040de9caf6654d491d1365befc3","Article","Final","","Scopus","2-s2.0-0034678208"
"Paradis M.; Consoli S.-M.","Paradis, M. (24341671600); Consoli, S.-M. (7005948134)","24341671600; 7005948134","What meaning can take the occurrence of a cancer in a teenager?; [Quel sens peut prendre la survenue d'un cancer quand on est adolescent ?]","2009","Psycho-Oncologie","3","4","","222","225","3","4","10.1007/s11839-009-0155-8","https://www.scopus.com/inward/record.uri?eid=2-s2.0-77951467250&doi=10.1007%2fs11839-009-0155-8&partnerID=40&md5=7ab1004076dbfcb71245c12f9d08720e","Short survey","Final","","Scopus","2-s2.0-77951467250"
"Cao C.; Wang L.; Fang R.; Liu P.; Bi Y.; Luo S.; Grace E.; Olff M.","Cao, Chengqi (8718818100); Wang, Li (57218666473); Fang, Ruojiao (57195229466); Liu, Ping (56145852800); Bi, Yajie (57217200295); Luo, Shu (57191923929); Grace, Emma (57200546546); Olff, Miranda (6603818624)","8718818100; 57218666473; 57195229466; 56145852800; 57217200295; 57191923929; 57200546546; 6603818624","Anxiety, depression, and PTSD symptoms among high school students in china in response to the COVID-19 pandemic and lockdown","2022","Journal of Affective Disorders","296","","","126","129","3","34","10.1016/j.jad.2021.09.052","https://www.scopus.com/inward/record.uri?eid=2-s2.0-85116015488&doi=10.1016%2fj.jad.2021.09.052&partnerID=40&md5=0d12d294e2af23672df87d02b3b6856c","Article","Final","All Open Access; Bronze Open Access; Green Open Access","Scopus","2-s2.0-85116015488"
"Perkins H.J.; Montford C.R.","Perkins, Henry J. (9736459200); Montford, Carolyn R. (9732334000)","9736459200; 9732334000","The impact of violence on adolescents in schools: A case study on the role of school-based health centers","2005","Nursing Clinics of North America","40","4","","671","679","8","6","10.1016/j.cnur.2005.07.004","https://www.scopus.com/inward/record.uri?eid=2-s2.0-28444475540&doi=10.1016%2fj.cnur.2005.07.004&partnerID=40&md5=9aba1df38d3dda1244dbe136eb22c6d1","Review","Final","","Scopus","2-s2.0-28444475540"
"Ionio C.; Bigoni F.; Sacchi M.; Zecca M.; Bergami E.; Landoni M.; Ciuffo G.; Rovati A.; Rizzi D.","Ionio, Chiara (55014231000); Bigoni, Francesca (57478582500); Sacchi, Maddalena (57981881200); Zecca, Marco (7006091759); Bergami, Elena (25824707000); Landoni, Marta (57223099231); Ciuffo, Giulia (57223092817); Rovati, Anna (57479141500); Rizzi, Damiano (57981881300)","55014231000; 57478582500; 57981881200; 7006091759; 25824707000; 57223099231; 57223092817; 57479141500; 57981881300","Exploring the Effects of Cancer as a Traumatic Event on Italian Adolescents and Young Adults: Investigating Psychological Well-Being, Identity Construction and Coping Strategies","2023","Pediatric Reports","15","1","","254","262","8","0","10.3390/pediatric15010021","https://www.scopus.com/inward/record.uri?eid=2-s2.0-85151083497&doi=10.3390%2fpediatric15010021&partnerID=40&md5=6c821598bf3f9065b4cc70ebc2f9eb74","Article","Final","All Open Access; Gold Open Access; Green Open Access","Scopus","2-s2.0-85151083497"
"Adams C.B.L.","Adams, Christine B.L. (57198523065)","57198523065","Beyond attachment: Psychotherapy with a sexually abused teenager","2012","American Journal of Psychotherapy","66","4","","313","330","17","1","10.1176/appi.psychotherapy.2012.66.4.313","https://www.scopus.com/inward/record.uri?eid=2-s2.0-84873838698&doi=10.1176%2fappi.psychotherapy.2012.66.4.313&partnerID=40&md5=2eda3cfb9fa9b525f972f5b496475bcd","Article","Final","","Scopus","2-s2.0-84873838698"
"Planellas I.; Magallón-Neri E.; Kirchner T.; Forns M.; Calderón C.","Planellas, Irina (56066395700); Magallón-Neri, Ernesto (35272600300); Kirchner, Teresa (7102358587); Forns, Maria (6602260150); Calderón, Caterina (16315275900)","56066395700; 35272600300; 7102358587; 6602260150; 16315275900","Do teenagers recover from traumatic situations? Identification of types of change and relationship with psychopathology and coping","2020","Children and Youth Services Review","116","","105147","","","","1","10.1016/j.childyouth.2020.105147","https://www.scopus.com/inward/record.uri?eid=2-s2.0-85086515515&doi=10.1016%2fj.childyouth.2020.105147&partnerID=40&md5=225fe3adf1385837030f2187c9179409","Article","Final","","Scopus","2-s2.0-85086515515"
"Yule W.; Bolton D.; Udwin O.; Boyle S.; O'Ryan D.; Nurrish J.","Yule, William (56994558200); Bolton, Derek (55612789800); Udwin, Orlee (6603929884); Boyle, Stephanie (7005772108); O'Ryan, Dominic (6508206322); Nurrish, Julie (6504479286)","56994558200; 55612789800; 6603929884; 7005772108; 6508206322; 6504479286","The long-term psychological effects of a disaster experienced in adolescence: I: The incidence and course of PTSD","2000","Journal of Child Psychology and Psychiatry and Allied Disciplines","41","4","","503","511","8","285","10.1017/S0021963099005570","https://www.scopus.com/inward/record.uri?eid=2-s2.0-0034073717&doi=10.1017%2fS0021963099005570&partnerID=40&md5=10778bca08b8c47cb54a38140bac01fc","Article","Final","","Scopus","2-s2.0-0034073717"
"Khalil J.; Zeuthen M.","Khalil, James (55213202700); Zeuthen, Martine (56955528800)","55213202700; 56955528800","A case study of counter violent extremism (CVE) programming: Lessons from OTI’s Kenya transition initiative","2014","Stability","3","1","31","","","12","10","10.5334/sta.ee","https://www.scopus.com/inward/record.uri?eid=2-s2.0-84946736164&doi=10.5334%2fsta.ee&partnerID=40&md5=e2a6bc06aa2dcd6ebc028e393fb32fc7","Article","Final","All Open Access; Gold Open Access; Green Open Access","Scopus","2-s2.0-84946736164"
"Bourgou S.; Meddouri S.L.; Ben Hamouda A.; Ben Mustapha H.; Charfi F.; Hamza M.; Belhadj A.","Bourgou, S. (57210308391); Meddouri, S.L. (57219916429); Ben Hamouda, A. (6508161676); Ben Mustapha, H. (57211466963); Charfi, F. (56997162600); Hamza, M. (56274242300); Belhadj, A. (14631659600)","57210308391; 57219916429; 6508161676; 57211466963; 56997162600; 56274242300; 14631659600","Profile of the victims of sexual violence in child psychiatry consultation; [Enfants victimes de violences sexuelles en consultation de pédopsychiatrie]","2021","Encephale","47","3","","221","226","5","2","10.1016/j.encep.2020.06.011","https://www.scopus.com/inward/record.uri?eid=2-s2.0-85096070536&doi=10.1016%2fj.encep.2020.06.011&partnerID=40&md5=b47d402da0d5acfea2ed7c867f856902","Article","Final","","Scopus","2-s2.0-85096070536"
"Romano H.; Marichez H.; Baubet T.","Romano, H. (56566419500); Marichez, H. (36451838500); Baubet, T. (55897251500)","56566419500; 36451838500; 55897251500","Support gestures of children and adolescents exposed to a traumatic event; [Prise en charge groupale d'enfants et d'adolescents exposés à un événement traumatique]","2012","Neuropsychiatrie de l'Enfance et de l'Adolescence","60","5","","383","389","6","3","10.1016/j.neurenf.2011.11.001","https://www.scopus.com/inward/record.uri?eid=2-s2.0-84865127851&doi=10.1016%2fj.neurenf.2011.11.001&partnerID=40&md5=a08350d7093bd086983307f3cec52aa1","Article","Final","","Scopus","2-s2.0-84865127851"
"Hume R.; Burgess H.","Hume, Romy (57742772700); Burgess, Henry (58434818700)","57742772700; 58434818700","""i'm Human after All"": Autism, Trauma, and Affective Empathy","2021","Autism in Adulthood","3","3","","221","229","8","5","10.1089/aut.2020.0013","https://www.scopus.com/inward/record.uri?eid=2-s2.0-85132004517&doi=10.1089%2faut.2020.0013&partnerID=40&md5=609b09222c4d5d2b726f2c5c0ce66e3b","Review","Final","All Open Access; Green Open Access","Scopus","2-s2.0-85132004517"
"Radjack R.; Molino L.; Ogrizek A.; Ngameni E.G.; Moro M.R.","Radjack, Rahmeth (35956960900); Molino, Luisa (57192416005); Ogrizek, Anaïs (57217492831); Ngameni, Elodie Gaelle (57208166513); Moro, Marie Rose (15743125800)","35956960900; 57192416005; 57217492831; 57208166513; 15743125800","How Do We Address and Treat the Trauma of a 16-Year-Old Girl, Unaccompanied Minor, and Her Rape-Born Son? A Case Report","2022","Healthcare (Switzerland)","10","10","2036","","","","1","10.3390/healthcare10102036","https://www.scopus.com/inward/record.uri?eid=2-s2.0-85140598449&doi=10.3390%2fhealthcare10102036&partnerID=40&md5=9e509f9d799d7e680ba23f75eb806473","Article","Final","All Open Access; Gold Open Access; Green Open Access","Scopus","2-s2.0-85140598449"
"Restrepo-Bernal D.; Bonfante-Olivares L.; Torres de Galvis Y.; Berbesi-Fernández D.; Sierra-Hincapié G.","Restrepo-Bernal, Diana (36598933700); Bonfante-Olivares, Laura (56725950400); Torres de Galvis, Yolanda (56389394100); Berbesi-Fernández, Dedsy (53982652400); Sierra-Hincapié, Gloria (56725952200)","36598933700; 56725950400; 56389394100; 53982652400; 56725952200","Suicidal behavior and attention decifit hyperactivity disorder in adolescents of Medellin (Colombia), 2011-2012; [Comportamiento suicida de adolescentes con trastorno por déficit de atención e hiperactividad en Medellín (Colombia), 2011-2012]","2014","Revista Colombiana de Psiquiatria","43","4","","186","193","7","1","10.1016/j.rcp.2014.08.001","https://www.scopus.com/inward/record.uri?eid=2-s2.0-84937346903&doi=10.1016%2fj.rcp.2014.08.001&partnerID=40&md5=d88a3f9318c417f4eb65bf4db813fbcb","Article","Final","All Open Access; Green Open Access","Scopus","2-s2.0-84937346903"
"Feruglio S.; Matiz A.; Cogo P.; Vidal E.; Paschetto A.; Fabbro F.; Crescentini C.","Feruglio, Susanna (57208327632); Matiz, Alessio (56606260600); Cogo, Paola (6603967151); Vidal, Enrico (57200885825); Paschetto, Andrea (57201391076); Fabbro, Franco (7003287462); Crescentini, Cristiano (23481429500)","57208327632; 56606260600; 6603967151; 57200885825; 57201391076; 7003287462; 23481429500","Isolated and blocked adolescents: A study on the psychological effects of the COVID-19 outbreak","2022","Minerva Psychiatry","63","3","","208","218","10","1","10.23736/S2724-6612.21.02216-8","https://www.scopus.com/inward/record.uri?eid=2-s2.0-85137800194&doi=10.23736%2fS2724-6612.21.02216-8&partnerID=40&md5=bb831e2c1e7ac74102ba9933dee4c509","Article","Final","","Scopus","2-s2.0-85137800194"
"Jaen-Varas D.; Mari J.J.; Coutinho E.S.; Andreoli S.B.; Quintana M.I.; de Mello M.F.; Bressan R.A.; Ribeiro W.S.","Jaen-Varas, Denisse (56155752800); Mari, Jair de Jesus (7007048101); Coutinho, Evandro da Silva (35336503600); Andreoli, Sérgio Baxter (7005915725); Quintana, Maria Ines (7006724478); de Mello, Marcelo Feijó (16417117800); Bressan, Rodrigo Affonseca (7005575041); Ribeiro, Wagner Silva (26667898300)","56155752800; 7007048101; 35336503600; 7005915725; 7006724478; 16417117800; 7005575041; 26667898300","A cross-sectional study to compare levels of psychiatric morbidity between young people and adults exposed to violence in a large urban center","2016","BMC Psychiatry","16","1","134","","","","10","10.1186/s12888-016-0847-0","https://www.scopus.com/inward/record.uri?eid=2-s2.0-84975318656&doi=10.1186%2fs12888-016-0847-0&partnerID=40&md5=19e1d3a81e4e1feb8de9a41d6366a9ef","Article","Final","All Open Access; Gold Open Access; Green Open Access","Scopus","2-s2.0-84975318656"
"Glowacz F.; Buzitu R.","Glowacz, F. (6508205422); Buzitu, R. (56312970500)","6508205422; 56312970500","Girls victims of sexual abuse and delinquent trajectory: What factors of resiliency?; [Adolescentes victimes d'abus sexuelet trajectoire délinquante: Quels facteurs de résilience?]","2014","Neuropsychiatrie de l'Enfance et de l'Adolescence","62","6","","349","357","8","6","10.1016/j.neurenf.2014.07.004","https://www.scopus.com/inward/record.uri?eid=2-s2.0-84908019952&doi=10.1016%2fj.neurenf.2014.07.004&partnerID=40&md5=2760401ceee6eb9af95068b29fdca4e5","Article","Final","","Scopus","2-s2.0-84908019952"
"Jones P.; Blunda M.; Biegel G.; Carlson L.E.; Biel M.; Wiener L.","Jones, Paul (57199134552); Blunda, Megan (55598069700); Biegel, Gina (34970745300); Carlson, Linda E. (7202639796); Biel, Matthew (7005140388); Wiener, Lori (7005287897)","57199134552; 55598069700; 34970745300; 7202639796; 7005140388; 7005287897","Can mindfulness-based interventions help adolescents with cancer?","2013","Psycho-Oncology","22","9","","2148","2151","3","23","10.1002/pon.3251","https://www.scopus.com/inward/record.uri?eid=2-s2.0-84883195720&doi=10.1002%2fpon.3251&partnerID=40&md5=e1e38ea6b2f60462d4c489ee7fc3921e","Review","Final","All Open Access; Green Open Access","Scopus","2-s2.0-84883195720"
"Beyer M.","Beyer, Marty (36723763200)","36723763200","Fifty delinquents in juvenile and adult court","2006","American Journal of Orthopsychiatry","76","2","","206","214","8","13","10.1037/0002-9432.76.2.206","https://www.scopus.com/inward/record.uri?eid=2-s2.0-33745006581&doi=10.1037%2f0002-9432.76.2.206&partnerID=40&md5=02bd293c312f38e4351016fefc90a310","Review","Final","","Scopus","2-s2.0-33745006581"
"Mubiri M.-A.; Peycelon M.; Audry G.; Auber F.","Mubiri, M.-A. (55363660700); Peycelon, M. (25638896900); Audry, G. (7006072383); Auber, F. (6602519492)","55363660700; 25638896900; 7006072383; 6602519492","Hypnosis as an effective management of a child with posttraumatic stress disorder after perineal trauma; [Panser par l'hypnose après un traumatisme périnéal : Prise en charge d'une jeune fille en état de stress post-traumatique par l'hypnothérapie]","2014","Archives de Pediatrie","21","6","","624","627","3","1","10.1016/j.arcped.2014.03.019","https://www.scopus.com/inward/record.uri?eid=2-s2.0-84901615994&doi=10.1016%2fj.arcped.2014.03.019&partnerID=40&md5=54a2e12e9832f3900855946cef4914ba","Article","Final","","Scopus","2-s2.0-84901615994"
"Bouvard M.; Dacquin F.; Denis A.","Bouvard, Martine (7006273931); Dacquin, Fanny (55468864900); Denis, Anne (24168539300)","7006273931; 55468864900; 24168539300","Criterion related validity of the Revised Child Anxiety and Depression Scale (RCADS) and the Revised version of the Screen for Child Anxiety Related Emotional Disorders (SCARED-R); [Étude de la validité de l'échelle d'anxié té et de dépression révisée (RCADS) et de la grille d'évaluation des troubles anxieux forme révisée (SCARED-R)]","2012","Journal de Therapie Comportementale et Cognitive","22","4","","175","181","6","0","10.1016/j.jtcc.2012.09.003","https://www.scopus.com/inward/record.uri?eid=2-s2.0-84878251761&doi=10.1016%2fj.jtcc.2012.09.003&partnerID=40&md5=c4d211ab412598858c8be1d8d1ffb2cd","Article","Final","","Scopus","2-s2.0-84878251761"
"Wiginton J.M.; Murray S.M.; Baral S.D.; Sanchez T.H.","Wiginton, John Mark (57195245350); Murray, Sarah M. (55649598000); Baral, Stefan D. (57885365800); Sanchez, Travis H. (9434782800)","57195245350; 55649598000; 57885365800; 9434782800","Targeted Violence as a Risk Factor for Posttraumatic Stress Disorder Among Cisgender Gay, Bisexual, and Other Men Who have Sex with Men in the United States","2023","Journal of Interpersonal Violence","","","","","","","0","10.1177/08862605231169755","https://www.scopus.com/inward/record.uri?eid=2-s2.0-85159116917&doi=10.1177%2f08862605231169755&partnerID=40&md5=6162e620910c7e92d23d0c7c89f10fcb","Article","Article in press","","Scopus","2-s2.0-85159116917"
"Suzuki M.; Konno C.; Furihata R.; Osaki K.; Uchiyama M.","Suzuki, Masahiro (57203743975); Konno, Chisato (37000779300); Furihata, Ryuji (36537125000); Osaki, Koichi (37000743100); Uchiyama, Makoto (7401753162)","57203743975; 37000779300; 36537125000; 37000743100; 7401753162","[Insomnia associated with psychiatric disorders].","2009","Nippon rinsho. Japanese journal of clinical medicine","67","8","","1507","1512","5","4","","https://www.scopus.com/inward/record.uri?eid=2-s2.0-79952033726&partnerID=40&md5=31b6fbe14b9c97acadb18e69169a8a7d","Review","Final","","Scopus","2-s2.0-79952033726"
"Scappaticci R.; Franc N.; Denis H.; Pupier F.; Purper-Ouakil D.","Scappaticci, Raphaëlle (57201409719); Franc, Nathalie (57174025400); Denis, Hélène (36711441800); Pupier, Florence (55557360400); Purper-Ouakil, Diane (8086485200)","57201409719; 57174025400; 36711441800; 55557360400; 8086485200","Behavioral treatment of a teenager with a disruptive mood dysregulation disorder; [Traitement comportemental des mutilations d'une adolescente présentant un trouble disruptif avec dysrégulation de l'humeur]","2018","Journal de Therapie Comportementale et Cognitive","28","2","","65","71","6","0","10.1016/j.jtcc.2017.12.001","https://www.scopus.com/inward/record.uri?eid=2-s2.0-85044626789&doi=10.1016%2fj.jtcc.2017.12.001&partnerID=40&md5=5b422092d4ed7498090e56a3266a9348","Article","Final","","Scopus","2-s2.0-85044626789"
"Grenon M.; Consigny M.; Lemey C.; Simson J.-P.; Coulon N.","Grenon, Marion (57212061590); Consigny, Maëlys (57212063064); Lemey, Christophe (57200381902); Simson, Jean-Pierre (57117549700); Coulon, Nathalie (6602801110)","57212061590; 57212063064; 57200381902; 57117549700; 6602801110","Impact of a Terrorist Attack on the Mental Health of Directly Exposed French Adolescents: Study Protocol for the First Step of the AVAL Cohort Study","2019","Frontiers in Psychiatry","10","","744","","","","6","10.3389/fpsyt.2019.00744","https://www.scopus.com/inward/record.uri?eid=2-s2.0-85075823632&doi=10.3389%2ffpsyt.2019.00744&partnerID=40&md5=8c078905a4a6e3fec0ae76825f645b69","Article","Final","All Open Access; Gold Open Access; Green Open Access","Scopus","2-s2.0-85075823632"
"Hayez J.-Y.","Hayez, J.-Y. (7003597670)","7003597670","About a severe and collective post-traumatic stress syndrome in Belgium; [Propos d'un syndrome de stress post-traumatique grave et collectif en Belgique]","1999","Neuropsychiatrie de l'Enfance et de l'Adolescence","47","5-6","","281","292","11","0","","https://www.scopus.com/inward/record.uri?eid=2-s2.0-0032783187&partnerID=40&md5=cecef1717c03165e859db5f208c0d0fe","Review","Final","","Scopus","2-s2.0-0032783187"
"Sher L.","Sher, Leo (7102003907)","7102003907","The role of brain-derived neurotrophic factor in the pathophysiology of adolescent suicidal behavior","2011","International Journal of Adolescent Medicine and Health","23","3","","181","185","4","13","10.1515/IJAMH.2011.041","https://www.scopus.com/inward/record.uri?eid=2-s2.0-80052778509&doi=10.1515%2fIJAMH.2011.041&partnerID=40&md5=71e7ada09056ca4c71579bc0ab61203d","Review","Final","","Scopus","2-s2.0-80052778509"
"Xu M.; Tian R.; Fu C.; Li J.; Bi D.; Wang Y.","Xu, Mingtu (57210343152); Tian, Runhui (42762389800); Fu, Cong (57421924200); Li, Jingyang (36078450900); Bi, Dingyu (58265008100); Wang, Yan (58264819300)","57210343152; 42762389800; 57421924200; 36078450900; 58265008100; 58264819300","The impact of family function on post-traumatic reactions of Chinese adolescents infected with COVID-19: a latent profile study","2023","Frontiers in Public Health","11","","1153820","","","","0","10.3389/fpubh.2023.1153820","https://www.scopus.com/inward/record.uri?eid=2-s2.0-85159768363&doi=10.3389%2ffpubh.2023.1153820&partnerID=40&md5=2820d3aff1ca2ab595d6ca21e06c7320","Article","Final","All Open Access; Gold Open Access; Green Open Access","Scopus","2-s2.0-85159768363"
"Paradis-Guennou M.; Legras S.; Milesi Ch.; Maury M.; Visier J.P.","Paradis-Guennou, M. (6506765099); Legras, S. (15826377600); Milesi, Ch. (56678068300); Maury, M. (7005506942); Visier, J.P. (7003438626)","6506765099; 15826377600; 56678068300; 7005506942; 7003438626","Multidisciplinary approach of a serious traumatism in a teenager. Complexity of diagnosis and initial care; [L'abord pluridisciplinaire d'un traumatisme grave chez un adolescent. Complexité du diagnostic et des soins intensifs]","2002","Neuropsychiatrie de l'Enfance et de l'Adolescence","50","4","","287","291","4","0","10.1016/S0222-9617(02)00099-5","https://www.scopus.com/inward/record.uri?eid=2-s2.0-0036614282&doi=10.1016%2fS0222-9617%2802%2900099-5&partnerID=40&md5=8113f8910270db739018b6a80bea463a","Article","Final","","Scopus","2-s2.0-0036614282"
"Mghaieth S.; Othman S.; Bouden A.; Halayem M.B.","Mghaieth, S. (22835642200); Othman, S. (22836546000); Bouden, A. (6603611725); Halayem, M.B. (6603299079)","22835642200; 22836546000; 6603611725; 6603299079","Post-traumatic stress disorder in children: Clinical aspects and comorbidity; [État de stress post-traumatique chez l'enfant: Sémiologie et comorbidité]","2007","Encephale","33","4 C1","","598","602","4","6","10.1016/s0013-7006(07)92059-x","https://www.scopus.com/inward/record.uri?eid=2-s2.0-35348841567&doi=10.1016%2fs0013-7006%2807%2992059-x&partnerID=40&md5=50f543990c819605ce369c9d23543996","Article","Final","","Scopus","2-s2.0-35348841567"
"Garner B.; Chanen A.M.; Phillips L.; Velakoulis D.; Wood S.J.; Jackson H.J.; Pantelis C.; McGorry P.D.","Garner, Belinda (23003889700); Chanen, Andrew M. (16027660900); Phillips, Lisa (7402637928); Velakoulis, Dennis (7003363241); Wood, Stephen J. (7401448373); Jackson, Henry J. (57204279970); Pantelis, Christos (7005521189); McGorry, Patrick D. (35426378300)","23003889700; 16027660900; 7402637928; 7003363241; 7401448373; 57204279970; 7005521189; 35426378300","Pituitary volume in teenagers with first-presentation borderline personality disorder","2007","Psychiatry Research - Neuroimaging","156","3","","257","261","4","26","10.1016/j.pscychresns.2007.05.001","https://www.scopus.com/inward/record.uri?eid=2-s2.0-36248987342&doi=10.1016%2fj.pscychresns.2007.05.001&partnerID=40&md5=54b511e4980ba9e0b1f80f1ad9c2230d","Article","Final","","Scopus","2-s2.0-36248987342"
"Cyr M.; McDuff P.; Wright J.; Thériault C.; Cinq-Mars C.","Cyr, Mireille (7006655723); McDuff, Pierre (6603178122); Wright, John (55483332500); Thériault, Chantal (6602548197); Cinq-Mars, Caroline (6508311916)","7006655723; 6603178122; 55483332500; 6602548197; 6508311916","Clinical correlates and repetition of self-harming behaviors among female adolescent victims of sexual abuse","2005","Journal of Child Sexual Abuse","14","2","","49","68","19","20","10.1300/J070v14n02_03","https://www.scopus.com/inward/record.uri?eid=2-s2.0-21744449779&doi=10.1300%2fJ070v14n02_03&partnerID=40&md5=66cdba20bfa2e383d2b169a87cb9864c","Article","Final","","Scopus","2-s2.0-21744449779"
"Harner H.M.","Harner, Holly M. (6602301599)","6602301599","Domestic violence and trauma care in teenage pregnancy: Does paternal age make a difference?","2004","JOGNN - Journal of Obstetric, Gynecologic, and Neonatal Nursing","33","3","","312","319","7","11","10.1177/0884217504264867","https://www.scopus.com/inward/record.uri?eid=2-s2.0-21244439068&doi=10.1177%2f0884217504264867&partnerID=40&md5=462c494e1515c094a5f13adbb7809183","Article","Final","","Scopus","2-s2.0-21244439068"
"Bolton D.; O'Ryan D.; Udwin O.; Boyle S.; Yule W.","Bolton, Derek (55612789800); O'Ryan, Dominic (6508206322); Udwin, Orlee (6603929884); Boyle, Stephanie (7005772108); Yule, William (56994558200)","55612789800; 6508206322; 6603929884; 7005772108; 56994558200","The long-term psychological effects of a disaster experienced in adolescence: II: General Psychopathology","2000","Journal of Child Psychology and Psychiatry and Allied Disciplines","41","4","","513","523","10","155","10.1017/S0021963099005569","https://www.scopus.com/inward/record.uri?eid=2-s2.0-0034064073&doi=10.1017%2fS0021963099005569&partnerID=40&md5=7837f1a8cb71c8b35209587a3e2e92d4","Article","Final","","Scopus","2-s2.0-0034064073"
"Cornelius J.R.; Kirisci L.; Reynolds M.; Clark D.B.; Hayes J.; Tarter R.","Cornelius, Jack R. (7006507903); Kirisci, Levent (7005173231); Reynolds, Maureen (7202327018); Clark, Duncan B. (35556665800); Hayes, Jeanine (15519541400); Tarter, Ralph (7103371149)","7006507903; 7005173231; 7202327018; 35556665800; 15519541400; 7103371149","PTSD contributes to teen and young adult cannabis use disorders","2010","Addictive Behaviors","35","2","","91","94","3","60","10.1016/j.addbeh.2009.09.007","https://www.scopus.com/inward/record.uri?eid=2-s2.0-70350776506&doi=10.1016%2fj.addbeh.2009.09.007&partnerID=40&md5=55168a08f99c4f2f2df37cc46bf71528","Article","Final","All Open Access; Green Open Access","Scopus","2-s2.0-70350776506"
"Brabant M.-E.; Hébert M.; Chagnon F.","Brabant, Marie-Eve (55612172700); Hébert, Martine (7102121828); Chagnon, François (36910950000)","55612172700; 7102121828; 36910950000","Identification of sexually abused female adolescents at risk for suicidal ideations: A classification and regression tree analysis","2013","Journal of Child Sexual Abuse","22","2","","153","172","19","11","10.1080/10538712.2013.741666","https://www.scopus.com/inward/record.uri?eid=2-s2.0-84874503192&doi=10.1080%2f10538712.2013.741666&partnerID=40&md5=e4ca2cb270c4463e2c3caa65145fd417","Article","Final","","Scopus","2-s2.0-84874503192"
"Coslin P.G.","Coslin, Pierre G. (7801585754)","7801585754","Teachers facing kids; [Les enseignants face aux élèves]","2009","Dialogue","184","2","","33","45","12","0","10.3917/dia.184.0033","https://www.scopus.com/inward/record.uri?eid=2-s2.0-67749148268&doi=10.3917%2fdia.184.0033&partnerID=40&md5=79131b9e0492403d5f8505419d3e8788","Article","Final","","Scopus","2-s2.0-67749148268"
"Zhao X.; Lukito S.; Huang X.; Qiu C.; Tang W.","Zhao, Xingkui (58023472800); Lukito, Steve (42961807200); Huang, Xia (57203155152); Qiu, Chanjian (35620953200); Tang, Wanjie (55821521300)","58023472800; 42961807200; 57203155152; 35620953200; 55821521300","Longitudinal associations between pandemic post-traumatic stress symptoms and subsequent non-suicidal self-injury in adolescents: A multiple mediation model","2023","Journal of Affective Disorders","323","","","707","715","8","1","10.1016/j.jad.2022.12.040","https://www.scopus.com/inward/record.uri?eid=2-s2.0-85144257898&doi=10.1016%2fj.jad.2022.12.040&partnerID=40&md5=f46a1dc174e11aa8bd07ac546bc31cd4","Article","Final","","Scopus","2-s2.0-85144257898"
"Mitsuhiro S.S.; Chalem E.; Moraes Barros M.C.; Guinsburg R.; Laranjeira R.","Mitsuhiro, Sandro Sendin (14043869600); Chalem, Elisa (14043274100); Moraes Barros, Marina Carvalho (55423333100); Guinsburg, Ruth (6602113035); Laranjeira, Ronaldo (7004258086)","14043869600; 14043274100; 55423333100; 6602113035; 7004258086","Brief report: Prevalence of psychiatric disorders in pregnant teenagers","2009","Journal of Adolescence","32","3","","747","752","5","22","10.1016/j.adolescence.2008.12.001","https://www.scopus.com/inward/record.uri?eid=2-s2.0-67349225151&doi=10.1016%2fj.adolescence.2008.12.001&partnerID=40&md5=7648516200539adbbc914495fd061f4d","Article","Final","","Scopus","2-s2.0-67349225151"
"LePlatte D.; Rosenblum K.L.; Stanton E.; Miller N.; Muzik M.","LePlatte, Dayna (55341543600); Rosenblum, Katherine Lisa (6701855476); Stanton, Emily (57191875134); Miller, Nicole (56658238500); Muzik, Maria (6701312009)","55341543600; 6701855476; 57191875134; 56658238500; 6701312009","Mental health in primary care for adolescent parents","2012","Mental Health in Family Medicine","9","1","","39","45","6","23","","https://www.scopus.com/inward/record.uri?eid=2-s2.0-84865225758&partnerID=40&md5=6ebb194917070cc9660f299d92366bda","Article","Final","","Scopus","2-s2.0-84865225758"
"Tourigny M.; Hébert M.; Daigneault I.; Simoneau A.C.","Tourigny, Marc (6603595682); Hébert, Martine (7102121828); Daigneault, Isabelle (12142297800); Simoneau, Ann Claude (55945149400)","6603595682; 7102121828; 12142297800; 55945149400","Efficacy of a group therapy for sexually abused adolescent girls","2005","Journal of Child Sexual Abuse","14","4","","71","93","22","41","10.1300/J070v14n04_04","https://www.scopus.com/inward/record.uri?eid=2-s2.0-31944451407&doi=10.1300%2fJ070v14n04_04&partnerID=40&md5=6d7711a8093247826664a8583fcb51bc","Article","Final","","Scopus","2-s2.0-31944451407"
"Saunderson J.M.; Stickley A.; Sturidsson K.; Koposov R.; Sukhodolsky D.G.; Ruchkin V.","Saunderson, Jonathan Marshall (57719708000); Stickley, Andrew (22951777700); Sturidsson, Knut (14010730100); Koposov, Roman (6602299022); Sukhodolsky, Denis G. (6602619771); Ruchkin, Vladislav (7006524218)","57719708000; 22951777700; 14010730100; 6602299022; 6602619771; 7006524218","Posttraumatic Stress and Perceived Interpersonal Provocation in Adolescents","2023","Journal of Interpersonal Violence","38","3-4","","3191","3214","23","1","10.1177/08862605221104525","https://www.scopus.com/inward/record.uri?eid=2-s2.0-85131092133&doi=10.1177%2f08862605221104525&partnerID=40&md5=9fd11854305e264e7ef81fdcaae24829","Article","Final","All Open Access; Green Open Access; Hybrid Gold Open Access","Scopus","2-s2.0-85131092133"
"Basedow L.A.; Kuitunen-Paul S.; Roessner V.; Golub Y.","Basedow, Lukas A. (57217488224); Kuitunen-Paul, Sören (57200227274); Roessner, Veit (57201040114); Golub, Yulia (24174096100)","57217488224; 57200227274; 57201040114; 24174096100","Traumatic Events and Substance Use Disorders in Adolescents","2020","Frontiers in Psychiatry","11","","559","","","","18","10.3389/fpsyt.2020.00559","https://www.scopus.com/inward/record.uri?eid=2-s2.0-85087296138&doi=10.3389%2ffpsyt.2020.00559&partnerID=40&md5=edc04a7add6bb37b99de4e00ad33ef3f","Article","Final","All Open Access; Gold Open Access; Green Open Access","Scopus","2-s2.0-85087296138"
"Hatta K.","Hatta, Kusmawati (56052357300)","56052357300","The seriousness trauma among teens in conflict and tsunami victims in aceh besar and kota banda aceh","2017","Advanced Science Letters","23","3","","2075","20708","18633","0","10.1166/asl.2017.8561","https://www.scopus.com/inward/record.uri?eid=2-s2.0-85017702308&doi=10.1166%2fasl.2017.8561&partnerID=40&md5=89203181bb3ea517412f96d394b41b93","Article","Final","","Scopus","2-s2.0-85017702308"
"Georgiades S.D.","Georgiades, Savvas Daniel (8348393900)","8348393900","A solution-focused intervention with a youth in a domestic violence situation: Longitudinal evidence","2008","Contemporary Family Therapy","30","3","","141","151","10","4","10.1007/s10591-008-9067-1","https://www.scopus.com/inward/record.uri?eid=2-s2.0-45849087251&doi=10.1007%2fs10591-008-9067-1&partnerID=40&md5=c8c452db34616cbe6d07e57726569e40","Article","Final","","Scopus","2-s2.0-45849087251"
"Parent S.; Vaillancourt-Morel M.-P.; Gillard A.","Parent, Sylvie (26029162600); Vaillancourt-Morel, Marie-Pier (55964400300); Gillard, Allyson (57302998300)","26029162600; 55964400300; 57302998300","Interpersonal Violence (IV) in Sport and Mental Health Outcomes in Teenagers","2022","Journal of Sport and Social Issues","46","4","","323","337","14","6","10.1177/01937235211043652","https://www.scopus.com/inward/record.uri?eid=2-s2.0-85117502334&doi=10.1177%2f01937235211043652&partnerID=40&md5=744b3dc9c1fda9c74433f4c8d8dcc798","Article","Final","","Scopus","2-s2.0-85117502334"
"Goldin S.; Levin L.; Persson L.Å.; Hägglöf B.","Goldin, Stephen (7003817168); Levin, Lilian (7202247086); Persson, Lars Åke (7202840767); Hägglöf, Bruno (57204151516)","7003817168; 7202247086; 7202840767; 57204151516","Child war trauma: A comparison of clinician, parent and child assessments","2003","Nordic Journal of Psychiatry","57","3","","173","183","10","11","10.1080/08039480310001319","https://www.scopus.com/inward/record.uri?eid=2-s2.0-0038827183&doi=10.1080%2f08039480310001319&partnerID=40&md5=a2de59394322c63a22223bc781168ca2","Article","Final","","Scopus","2-s2.0-0038827183"
"Mimouni-Bloch A.; Walter G.; Ross S.; Bloch Y.","Mimouni-Bloch, Aviva (8714871800); Walter, Garry (7201500639); Ross, Sharon (56663720700); Bloch, Yuval (6701745990)","8714871800; 7201500639; 56663720700; 6701745990","The mental health consequences of student ""holocaust memorial journeys""","2013","Australasian Psychiatry","21","4","","326","328","2","3","10.1177/1039856213491995","https://www.scopus.com/inward/record.uri?eid=2-s2.0-84889043810&doi=10.1177%2f1039856213491995&partnerID=40&md5=27b6fab4b1d081681e3be3732553d16f","Article","Final","","Scopus","2-s2.0-84889043810"
"Villalba J.A.; Lewis L.D.","Villalba, José A. (9247928200); Lewis, Lucy D. (15520997800)","9247928200; 15520997800","Children, Adolescents, and Isolated Traumatic Events: Counseling Considerations for Couples and Family Counselors","2007","The Family Journal","15","1","","31","35","4","4","10.1177/1066480706294042","https://www.scopus.com/inward/record.uri?eid=2-s2.0-33845524323&doi=10.1177%2f1066480706294042&partnerID=40&md5=7cb1b275f1318c6d0df03889d0052d7f","Article","Final","All Open Access; Green Open Access","Scopus","2-s2.0-33845524323"
"Kirk A.B.; Madden L.L.","Kirk, Alan B. (7102479398); Madden, Liddell L. (7006980499)","7102479398; 7006980499","Trauma related critical incident debriefing for adolescents","2003","Child and Adolescent Social Work Journal","20","2","","123","134","11","11","10.1023/A:1022816731082","https://www.scopus.com/inward/record.uri?eid=2-s2.0-3542996919&doi=10.1023%2fA%3a1022816731082&partnerID=40&md5=fca2d5c0e76aa7ff7c63cf9446a848df","Review","Final","","Scopus","2-s2.0-3542996919"
